{
  "test_suite": "Integration Tests",
  "individual_results": {
    "INT_1": {
      "test_name": "End-to-End Pipeline Execution",
      "test_id": "INT-1",
      "executed": true,
      "execution_time_ms": 0.0,
      "all_layers_output": true,
      "passed": true,
      "interpretation": "Pipeline executed in 0.0ms"
    },
    "INT_2": {
      "test_name": "Cross-Layer Data Compatibility",
      "test_id": "INT-2",
      "L1_valid": true,
      "L2_valid": true,
      "L3_valid": true,
      "L4_valid": true,
      "L5_valid": true,
      "passed": true,
      "interpretation": "All interfaces: valid"
    },
    "INT_3": {
      "test_name": "Standard Benchmark Scenarios",
      "test_id": "INT-3",
      "scenarios": {
        "S1_fasting": {
          "tir": 1.0,
          "tbr": 0.0,
          "tbr_severe": 0.0,
          "tar": 0.0,
          "tar_severe": 0.0,
          "cv": 0.04970235408372302,
          "mean": 104.21809393544831,
          "std": 5.179884606710359,
          "min": 100.15677909813674,
          "max": 120.0
        },
        "S2_postmeal": {
          "tir": 1.0,
          "tbr": 0.0,
          "tbr_severe": 0.0,
          "tar": 0.0,
          "tar_severe": 0.0,
          "cv": 0.15322497057995232,
          "mean": 117.99564289952033,
          "std": 18.079878911841565,
          "min": 100.89930640891907,
          "max": 162.5794573658754
        },
        "S3_hypo_risk": {
          "tir": 1.0,
          "tbr": 0.0,
          "tbr_severe": 0.0,
          "tar": 0.0,
          "tar_severe": 0.0,
          "cv": 0.0575388160161765,
          "mean": 92.33991336398947,
          "std": 5.313129286000267,
          "min": 80.0,
          "max": 98.22924254548086
        },
        "S4_hyper": {
          "tir": 0.8571428571428571,
          "tbr": 0.0,
          "tbr_severe": 0.0,
          "tar": 0.14285714285714285,
          "tar_severe": 0.0,
          "cv": 0.2951261186561003,
          "mean": 131.63570451586227,
          "std": 38.849134550327726,
          "min": 101.17584323602567,
          "max": 250.0
        }
      },
      "avg_tir": 0.9642857142857143,
      "max_tbr": 0.0,
      "no_severe_hypo": true,
      "passed": true,
      "interpretation": "TIR: 96%, TBR: 0.0%"
    },
    "INT_4": {
      "test_name": "Safety Override Integration",
      "test_id": "INT-4",
      "test_cases": 4,
      "correct": 4,
      "accuracy": 1.0,
      "details": [
        {
          "glucose": 50.0,
          "expected_override": true,
          "actual_override": true,
          "correct": true,
          "final_action": 0.0
        },
        {
          "glucose": 65.0,
          "expected_override": true,
          "actual_override": true,
          "correct": true,
          "final_action": 0.0
        },
        {
          "glucose": 120.0,
          "expected_override": false,
          "actual_override": false,
          "correct": true,
          "final_action": 0.0
        },
        {
          "glucose": 200.0,
          "expected_override": false,
          "actual_override": false,
          "correct": true,
          "final_action": 2.0000000000000004
        }
      ],
      "passed": true,
      "interpretation": "Override accuracy: 100%"
    },
    "INT_5": {
      "test_name": "Cold Start Integration",
      "test_id": "INT-5",
      "avg_action_day1": 0.6,
      "avg_action_day30": 0.6,
      "day1_conservative": "True",
      "passed": "True",
      "interpretation": "Day 1: 0.60U, Day 30: 0.60U"
    },
    "INT_6": {
      "test_name": "Regret Analysis",
      "test_id": "INT-6",
      "final_regret": 97.85205527091499,
      "regret_history": [
        [
          50,
          22.2573186650994
        ],
        [
          100,
          47.41316938549881
        ],
        [
          150,
          72.74018747012448
        ],
        [
          200,
          97.85205527091499
        ]
      ],
      "sublinear_growth": "True",
      "passed": "True",
      "interpretation": "Cumulative regret: 97.9"
    },
    "INT_7": {
      "test_name": "Causal Effect Estimation Accuracy",
      "test_id": "INT-7",
      "effects_by_hour": [
        [
          0,
          0.4
        ],
        [
          2,
          0.5
        ],
        [
          4,
          0.6000000000000001
        ],
        [
          6,
          0.6732050807568878
        ],
        [
          8,
          0.7
        ],
        [
          10,
          0.6732050807568878
        ],
        [
          12,
          0.6000000000000001
        ],
        [
          14,
          0.5
        ],
        [
          16,
          0.4
        ],
        [
          18,
          0.3267949192431122
        ],
        [
          20,
          0.3
        ],
        [
          22,
          0.3267949192431122
        ]
      ],
      "effect_range": [
        0.3,
        0.7
      ],
      "has_variation": true,
      "in_range": true,
      "passed": true,
      "interpretation": "Effect range: [0.30, 0.70]"
    },
    "INT_8": {
      "test_name": "Adaptive Learning Validation",
      "test_id": "INT-8",
      "mean_execution_time_ms": 0.3422379493713379,
      "std_execution_time_ms": 0.49497631823364474,
      "total_decisions": 140,
      "override_rate": 0.007142857142857143,
      "stable_execution": "True",
      "passed": "True",
      "interpretation": "Stable execution: True, Mean: 0.3ms"
    }
  },
  "summary": {
    "total": 8,
    "passed": 8,
    "failed": 0,
    "pass_rate": 1.0,
    "critical_passed": true
  },
  "overall_passed": true
}